<metadata xml:lang="de"><Esri><CreaDate>20250120</CreaDate><CreaTime>11165400</CreaTime><ArcGISFormat>1.0</ArcGISFormat><SyncOnce>FALSE</SyncOnce><DataProperties><itemProps><itemName Sync="TRUE">vg250_GEM_HE_20231231_utm32</itemName><imsContentType Sync="TRUE">002</imsContentType><itemLocation><linkage Sync="TRUE">file://\\hsl.hessen.de\Abteilungen\CC_GIS\CompetenceCenterGeoinformation\1_Daten\12_Geobasisdaten\1210_HSL\12101_VG250_HE\VG250_GEM_HE_20231231_utm32\vg250_GEM_HE_20231231_utm32.shp</linkage><protocol Sync="TRUE">Local Area Network</protocol></itemLocation><itemSize Sync="TRUE">0.000</itemSize></itemProps><coordRef><type Sync="TRUE">Projected</type><geogcsn Sync="TRUE">GCS_ETRS_1989</geogcsn><csUnits Sync="TRUE">Linear Unit: Meter (1.000000)</csUnits><projcsn Sync="TRUE">ETRS_1989_UTM_Zone_32N</projcsn><peXml Sync="TRUE">&lt;ProjectedCoordinateSystem xsi:type='typens:ProjectedCoordinateSystem' xmlns:xsi='http://www.w3.org/2001/XMLSchema-instance' xmlns:xs='http://www.w3.org/2001/XMLSchema' xmlns:typens='http://www.esri.com/schemas/ArcGIS/3.3.0'&gt;&lt;WKT&gt;PROJCS[&amp;quot;ETRS_1989_UTM_Zone_32N&amp;quot;,GEOGCS[&amp;quot;GCS_ETRS_1989&amp;quot;,DATUM[&amp;quot;D_ETRS_1989&amp;quot;,SPHEROID[&amp;quot;GRS_1980&amp;quot;,6378137.0,298.257222101]],PRIMEM[&amp;quot;Greenwich&amp;quot;,0.0],UNIT[&amp;quot;Degree&amp;quot;,0.0174532925199433]],PROJECTION[&amp;quot;Transverse_Mercator&amp;quot;],PARAMETER[&amp;quot;False_Easting&amp;quot;,500000.0],PARAMETER[&amp;quot;False_Northing&amp;quot;,0.0],PARAMETER[&amp;quot;Central_Meridian&amp;quot;,9.0],PARAMETER[&amp;quot;Scale_Factor&amp;quot;,0.9996],PARAMETER[&amp;quot;Latitude_Of_Origin&amp;quot;,0.0],UNIT[&amp;quot;Meter&amp;quot;,1.0],AUTHORITY[&amp;quot;EPSG&amp;quot;,25832]]&lt;/WKT&gt;&lt;XOrigin&gt;-5120900&lt;/XOrigin&gt;&lt;YOrigin&gt;-9998100&lt;/YOrigin&gt;&lt;XYScale&gt;450445547.3910538&lt;/XYScale&gt;&lt;ZOrigin&gt;-100000&lt;/ZOrigin&gt;&lt;ZScale&gt;10000&lt;/ZScale&gt;&lt;MOrigin&gt;-100000&lt;/MOrigin&gt;&lt;MScale&gt;10000&lt;/MScale&gt;&lt;XYTolerance&gt;0.001&lt;/XYTolerance&gt;&lt;ZTolerance&gt;0.001&lt;/ZTolerance&gt;&lt;MTolerance&gt;0.001&lt;/MTolerance&gt;&lt;HighPrecision&gt;true&lt;/HighPrecision&gt;&lt;WKID&gt;25832&lt;/WKID&gt;&lt;LatestWKID&gt;25832&lt;/LatestWKID&gt;&lt;/ProjectedCoordinateSystem&gt;</peXml></coordRef><lineage><Process ToolSource="c:\program files\arcgis\pro\Resources\ArcToolbox\toolboxes\Conversion Tools.tbx\ExportFeatures" Date="20250120" Time="111701">ExportFeatures "VG250_GEM Auswahl" "\\hsl.hessen.de\home\user\nraabe\Eigene Dateien\ArcGIS\Projects\GIS0006_Wahlen_Gemeinde-Shapefile\GIS0006_Wahlen_Gemeinde-Shapefile.gdb\VG250_GEMAuswahl_ExportFeatures" # NOT_USE_ALIAS "OBJID "OBJID" true true false 16 Text 0 0,First,#,VG250_GEM Auswahl,OBJID,0,15;BEGINN "BEGINN" true true false 8 Date 0 0,First,#,VG250_GEM Auswahl,BEGINN,-1,-1;ADE "ADE" true true false 2 Short 0 2,First,#,VG250_GEM Auswahl,ADE,-1,-1;GF "GF" true true false 2 Short 0 2,First,#,VG250_GEM Auswahl,GF,-1,-1;BSG "BSG" true true false 2 Short 0 2,First,#,VG250_GEM Auswahl,BSG,-1,-1;ARS "ARS" true true false 12 Text 0 0,First,#,VG250_GEM Auswahl,ARS,0,11;AGS "AGS" true true false 8 Text 0 0,First,#,VG250_GEM Auswahl,AGS,0,7;SDV_ARS "SDV_ARS" true true false 12 Text 0 0,First,#,VG250_GEM Auswahl,SDV_ARS,0,11;GEN "GEN" true true false 60 Text 0 0,First,#,VG250_GEM Auswahl,GEN,0,59;BEZ "BEZ" true true false 60 Text 0 0,First,#,VG250_GEM Auswahl,BEZ,0,59;IBZ "IBZ" true true false 2 Short 0 2,First,#,VG250_GEM Auswahl,IBZ,-1,-1;BEM "BEM" true true false 60 Text 0 0,First,#,VG250_GEM Auswahl,BEM,0,59;NBD "NBD" true true false 4 Text 0 0,First,#,VG250_GEM Auswahl,NBD,0,3;SN_L "SN_L" true true false 2 Text 0 0,First,#,VG250_GEM Auswahl,SN_L,0,1;SN_R "SN_R" true true false 1 Text 0 0,First,#,VG250_GEM Auswahl,SN_R,0,0;SN_K "SN_K" true true false 2 Text 0 0,First,#,VG250_GEM Auswahl,SN_K,0,1;SN_V1 "SN_V1" true true false 2 Text 0 0,First,#,VG250_GEM Auswahl,SN_V1,0,1;SN_V2 "SN_V2" true true false 2 Text 0 0,First,#,VG250_GEM Auswahl,SN_V2,0,1;SN_G "SN_G" true true false 3 Text 0 0,First,#,VG250_GEM Auswahl,SN_G,0,2;FK_S3 "FK_S3" true true false 2 Text 0 0,First,#,VG250_GEM Auswahl,FK_S3,0,1;NUTS "NUTS" true true false 5 Text 0 0,First,#,VG250_GEM Auswahl,NUTS,0,4;ARS_0 "ARS_0" true true false 12 Text 0 0,First,#,VG250_GEM Auswahl,ARS_0,0,11;AGS_0 "AGS_0" true true false 8 Text 0 0,First,#,VG250_GEM Auswahl,AGS_0,0,7;WSK "WSK" true true false 8 Date 0 0,First,#,VG250_GEM Auswahl,WSK,-1,-1;DLM_ID "DLM_ID" true true false 16 Text 0 0,First,#,VG250_GEM Auswahl,DLM_ID,0,15" #</Process><Process ToolSource="c:\program files\arcgis\pro\Resources\ArcToolbox\toolboxes\Conversion Tools.tbx\ExportFeatures" Date="20250120" Time="112234">ExportFeatures VG250_GEMAuswahl_ExportFeatures H:\CC_GIS\CompetenceCenterGeoinformation\2_Projekte\CCG2025\GIS0006_20250120_Wahlen_Gemeinde-Shapefile_für_Website\25_Plotausgaben\252_Endergebnis\vg250_GEM_HE_20231231_utm32.shp # NOT_USE_ALIAS "OBJID "OBJID" true true false 16 Text 0 0,First,#,VG250_GEMAuswahl_ExportFeatures,OBJID,0,15;BEGINN "BEGINN" true true false 8 Date 0 0,First,#,VG250_GEMAuswahl_ExportFeatures,BEGINN,-1,-1;ADE "ADE" true true false 2 Short 0 0,First,#,VG250_GEMAuswahl_ExportFeatures,ADE,-1,-1;GF "GF" true true false 2 Short 0 0,First,#,VG250_GEMAuswahl_ExportFeatures,GF,-1,-1;BSG "BSG" true true false 2 Short 0 0,First,#,VG250_GEMAuswahl_ExportFeatures,BSG,-1,-1;ARS "ARS" true true false 12 Text 0 0,First,#,VG250_GEMAuswahl_ExportFeatures,ARS,0,11;AGS "AGS" true true false 8 Text 0 0,First,#,VG250_GEMAuswahl_ExportFeatures,AGS,0,7;SDV_ARS "SDV_ARS" true true false 12 Text 0 0,First,#,VG250_GEMAuswahl_ExportFeatures,SDV_ARS,0,11;GEN "GEN" true true false 60 Text 0 0,First,#,VG250_GEMAuswahl_ExportFeatures,GEN,0,59;BEZ "BEZ" true true false 60 Text 0 0,First,#,VG250_GEMAuswahl_ExportFeatures,BEZ,0,59;IBZ "IBZ" true true false 2 Short 0 0,First,#,VG250_GEMAuswahl_ExportFeatures,IBZ,-1,-1;BEM "BEM" true true false 60 Text 0 0,First,#,VG250_GEMAuswahl_ExportFeatures,BEM,0,59;NBD "NBD" true true false 4 Text 0 0,First,#,VG250_GEMAuswahl_ExportFeatures,NBD,0,3;SN_L "SN_L" true true false 2 Text 0 0,First,#,VG250_GEMAuswahl_ExportFeatures,SN_L,0,1;SN_R "SN_R" true true false 1 Text 0 0,First,#,VG250_GEMAuswahl_ExportFeatures,SN_R,0,0;SN_K "SN_K" true true false 2 Text 0 0,First,#,VG250_GEMAuswahl_ExportFeatures,SN_K,0,1;SN_V1 "SN_V1" true true false 2 Text 0 0,First,#,VG250_GEMAuswahl_ExportFeatures,SN_V1,0,1;SN_V2 "SN_V2" true true false 2 Text 0 0,First,#,VG250_GEMAuswahl_ExportFeatures,SN_V2,0,1;SN_G "SN_G" true true false 3 Text 0 0,First,#,VG250_GEMAuswahl_ExportFeatures,SN_G,0,2;FK_S3 "FK_S3" true true false 2 Text 0 0,First,#,VG250_GEMAuswahl_ExportFeatures,FK_S3,0,1;NUTS "NUTS" true true false 5 Text 0 0,First,#,VG250_GEMAuswahl_ExportFeatures,NUTS,0,4;ARS_0 "ARS_0" true true false 12 Text 0 0,First,#,VG250_GEMAuswahl_ExportFeatures,ARS_0,0,11;AGS_0 "AGS_0" true true false 8 Text 0 0,First,#,VG250_GEMAuswahl_ExportFeatures,AGS_0,0,7;WSK "WSK" true true false 8 Date 0 0,First,#,VG250_GEMAuswahl_ExportFeatures,WSK,-1,-1;DLM_ID "DLM_ID" true true false 16 Text 0 0,First,#,VG250_GEMAuswahl_ExportFeatures,DLM_ID,0,15;Shape_Length "Shape_Length" false true true 8 Double 0 0,First,#,VG250_GEMAuswahl_ExportFeatures,Shape_Length,-1,-1;Shape_Area "Shape_Area" false true true 8 Double 0 0,First,#,VG250_GEMAuswahl_ExportFeatures,Shape_Area,-1,-1" #</Process><Process ToolSource="c:\program files\arcgis\pro\Resources\ArcToolbox\toolboxes\Conversion Tools.tbx\ExportFeatures" Date="20250120" Time="112851">ExportFeatures vg250_GEM_HE_20231231_utm32 H:\CC_GIS\CompetenceCenterGeoinformation\1_Daten\12_Geobasisdaten\1210_HSL\12101_VG250_HE\VG250_GEM_HE_20231231_utm32\vg250_GEM_HE_20231231_utm32.shp # NOT_USE_ALIAS "OBJID "OBJID" true true false 16 Text 0 0,First,#,vg250_GEM_HE_20231231_utm32,OBJID,0,15;BEGINN "BEGINN" true true false 8 Date 0 0,First,#,vg250_GEM_HE_20231231_utm32,BEGINN,-1,-1;ADE "ADE" true true false 5 Long 0 5,First,#,vg250_GEM_HE_20231231_utm32,ADE,-1,-1;GF "GF" true true false 5 Long 0 5,First,#,vg250_GEM_HE_20231231_utm32,GF,-1,-1;BSG "BSG" true true false 5 Long 0 5,First,#,vg250_GEM_HE_20231231_utm32,BSG,-1,-1;ARS "ARS" true true false 12 Text 0 0,First,#,vg250_GEM_HE_20231231_utm32,ARS,0,11;AGS "AGS" true true false 8 Text 0 0,First,#,vg250_GEM_HE_20231231_utm32,AGS,0,7;SDV_ARS "SDV_ARS" true true false 12 Text 0 0,First,#,vg250_GEM_HE_20231231_utm32,SDV_ARS,0,11;GEN "GEN" true true false 60 Text 0 0,First,#,vg250_GEM_HE_20231231_utm32,GEN,0,59;BEZ "BEZ" true true false 60 Text 0 0,First,#,vg250_GEM_HE_20231231_utm32,BEZ,0,59;IBZ "IBZ" true true false 5 Long 0 5,First,#,vg250_GEM_HE_20231231_utm32,IBZ,-1,-1;BEM "BEM" true true false 60 Text 0 0,First,#,vg250_GEM_HE_20231231_utm32,BEM,0,59;NBD "NBD" true true false 4 Text 0 0,First,#,vg250_GEM_HE_20231231_utm32,NBD,0,3;SN_L "SN_L" true true false 2 Text 0 0,First,#,vg250_GEM_HE_20231231_utm32,SN_L,0,1;SN_R "SN_R" true true false 1 Text 0 0,First,#,vg250_GEM_HE_20231231_utm32,SN_R,0,0;SN_K "SN_K" true true false 2 Text 0 0,First,#,vg250_GEM_HE_20231231_utm32,SN_K,0,1;SN_V1 "SN_V1" true true false 2 Text 0 0,First,#,vg250_GEM_HE_20231231_utm32,SN_V1,0,1;SN_V2 "SN_V2" true true false 2 Text 0 0,First,#,vg250_GEM_HE_20231231_utm32,SN_V2,0,1;SN_G "SN_G" true true false 3 Text 0 0,First,#,vg250_GEM_HE_20231231_utm32,SN_G,0,2;FK_S3 "FK_S3" true true false 2 Text 0 0,First,#,vg250_GEM_HE_20231231_utm32,FK_S3,0,1;NUTS "NUTS" true true false 5 Text 0 0,First,#,vg250_GEM_HE_20231231_utm32,NUTS,0,4;ARS_0 "ARS_0" true true false 12 Text 0 0,First,#,vg250_GEM_HE_20231231_utm32,ARS_0,0,11;AGS_0 "AGS_0" true true false 8 Text 0 0,First,#,vg250_GEM_HE_20231231_utm32,AGS_0,0,7;WSK "WSK" true true false 8 Date 0 0,First,#,vg250_GEM_HE_20231231_utm32,WSK,-1,-1;DLM_ID "DLM_ID" true true false 16 Text 0 0,First,#,vg250_GEM_HE_20231231_utm32,DLM_ID,0,15;Shape_Leng "Shape_Leng" true true false 19 Double 0 0,First,#,vg250_GEM_HE_20231231_utm32,Shape_Leng,-1,-1;Shape_Area "Shape_Area" true true false 19 Double 0 0,First,#,vg250_GEM_HE_20231231_utm32,Shape_Area,-1,-1" #</Process></lineage></DataProperties><SyncDate>20250120</SyncDate><SyncTime>11284100</SyncTime><ModDate>20250120</ModDate><ModTime>11284100</ModTime></Esri><dataIdInfo><envirDesc Sync="TRUE">Microsoft Windows 10 Version 10.0 (Build 19045) ; Esri ArcGIS 13.3.2.52636</envirDesc><dataLang><languageCode value="deu" Sync="TRUE"></languageCode><countryCode value="DEU" Sync="TRUE"></countryCode></dataLang><idCitation><resTitle Sync="TRUE">vg250_GEM_HE_20231231_utm32</resTitle><presForm><PresFormCd value="005" Sync="TRUE"></PresFormCd></presForm></idCitation><spatRpType><SpatRepTypCd value="001" Sync="TRUE"></SpatRepTypCd></spatRpType></dataIdInfo><mdLang><languageCode value="deu" Sync="TRUE"></languageCode><countryCode value="DEU" Sync="TRUE"></countryCode></mdLang><distInfo><distFormat><formatName Sync="TRUE">Shapefile</formatName></distFormat><distTranOps><transSize Sync="TRUE">0.000</transSize></distTranOps></distInfo><mdHrLv><ScopeCd value="005" Sync="TRUE"></ScopeCd></mdHrLv><mdHrLvName Sync="TRUE">dataset</mdHrLvName><refSysInfo><RefSystem><refSysID><identCode code="25832" Sync="TRUE"></identCode><idCodeSpace Sync="TRUE">EPSG</idCodeSpace><idVersion Sync="TRUE">4.3(4.0.0)</idVersion></refSysID></RefSystem></refSysInfo><spatRepInfo><VectSpatRep><geometObjs Name="vg250_GEM_HE_20231231_utm32"><geoObjTyp><GeoObjTypCd value="002" Sync="TRUE"></GeoObjTypCd></geoObjTyp><geoObjCnt Sync="TRUE">0</geoObjCnt></geometObjs><topLvl><TopoLevCd value="001" Sync="TRUE"></TopoLevCd></topLvl></VectSpatRep></spatRepInfo><spdoinfo><ptvctinf><esriterm Name="vg250_GEM_HE_20231231_utm32"><efeatyp Sync="TRUE">Simple</efeatyp><efeageom code="4" Sync="TRUE"></efeageom><esritopo Sync="TRUE">FALSE</esritopo><efeacnt Sync="TRUE">0</efeacnt><spindex Sync="TRUE">FALSE</spindex><linrefer Sync="TRUE">FALSE</linrefer></esriterm></ptvctinf></spdoinfo><eainfo><detailed Name="vg250_GEM_HE_20231231_utm32"><enttyp><enttypl Sync="TRUE">vg250_GEM_HE_20231231_utm32</enttypl><enttypt Sync="TRUE">Feature Class</enttypt><enttypc Sync="TRUE">0</enttypc></enttyp><attr><attrlabl Sync="TRUE">FID</attrlabl><attalias Sync="TRUE">FID</attalias><attrtype Sync="TRUE">OID</attrtype><attwidth Sync="TRUE">4</attwidth><atprecis Sync="TRUE">0</atprecis><attscale Sync="TRUE">0</attscale><attrdef Sync="TRUE">Internal feature number.</attrdef><attrdefs Sync="TRUE">Esri</attrdefs><attrdomv><udom Sync="TRUE">Sequential unique whole numbers that are automatically generated.</udom></attrdomv></attr><attr><attrlabl Sync="TRUE">Shape</attrlabl><attalias Sync="TRUE">Shape</attalias><attrtype Sync="TRUE">Geometry</attrtype><attwidth Sync="TRUE">0</attwidth><atprecis Sync="TRUE">0</atprecis><attscale Sync="TRUE">0</attscale><attrdef Sync="TRUE">Feature geometry.</attrdef><attrdefs Sync="TRUE">Esri</attrdefs><attrdomv><udom Sync="TRUE">Coordinates defining the features.</udom></attrdomv></attr><attr><attrlabl Sync="TRUE">OBJID</attrlabl><attalias Sync="TRUE">OBJID</attalias><attrtype Sync="TRUE">String</attrtype><attwidth Sync="TRUE">16</attwidth><atprecis Sync="TRUE">0</atprecis><attscale Sync="TRUE">0</attscale></attr><attr><attrlabl Sync="TRUE">BEGINN</attrlabl><attalias Sync="TRUE">BEGINN</attalias><attrtype Sync="TRUE">Date</attrtype><attwidth Sync="TRUE">8</attwidth><atprecis Sync="TRUE">0</atprecis><attscale Sync="TRUE">0</attscale></attr><attr><attrlabl Sync="TRUE">ADE</attrlabl><attalias Sync="TRUE">ADE</attalias><attrtype Sync="TRUE">Integer</attrtype><attwidth Sync="TRUE">5</attwidth><atprecis Sync="TRUE">5</atprecis><attscale Sync="TRUE">0</attscale></attr><attr><attrlabl Sync="TRUE">GF</attrlabl><attalias Sync="TRUE">GF</attalias><attrtype Sync="TRUE">Integer</attrtype><attwidth Sync="TRUE">5</attwidth><atprecis Sync="TRUE">5</atprecis><attscale Sync="TRUE">0</attscale></attr><attr><attrlabl Sync="TRUE">BSG</attrlabl><attalias Sync="TRUE">BSG</attalias><attrtype Sync="TRUE">Integer</attrtype><attwidth Sync="TRUE">5</attwidth><atprecis Sync="TRUE">5</atprecis><attscale Sync="TRUE">0</attscale></attr><attr><attrlabl Sync="TRUE">ARS</attrlabl><attalias Sync="TRUE">ARS</attalias><attrtype Sync="TRUE">String</attrtype><attwidth Sync="TRUE">12</attwidth><atprecis Sync="TRUE">0</atprecis><attscale Sync="TRUE">0</attscale></attr><attr><attrlabl Sync="TRUE">AGS</attrlabl><attalias Sync="TRUE">AGS</attalias><attrtype Sync="TRUE">String</attrtype><attwidth Sync="TRUE">8</attwidth><atprecis Sync="TRUE">0</atprecis><attscale Sync="TRUE">0</attscale></attr><attr><attrlabl Sync="TRUE">SDV_ARS</attrlabl><attalias Sync="TRUE">SDV_ARS</attalias><attrtype Sync="TRUE">String</attrtype><attwidth Sync="TRUE">12</attwidth><atprecis Sync="TRUE">0</atprecis><attscale Sync="TRUE">0</attscale></attr><attr><attrlabl Sync="TRUE">GEN</attrlabl><attalias Sync="TRUE">GEN</attalias><attrtype Sync="TRUE">String</attrtype><attwidth Sync="TRUE">60</attwidth><atprecis Sync="TRUE">0</atprecis><attscale Sync="TRUE">0</attscale></attr><attr><attrlabl Sync="TRUE">BEZ</attrlabl><attalias Sync="TRUE">BEZ</attalias><attrtype Sync="TRUE">String</attrtype><attwidth Sync="TRUE">60</attwidth><atprecis Sync="TRUE">0</atprecis><attscale Sync="TRUE">0</attscale></attr><attr><attrlabl Sync="TRUE">IBZ</attrlabl><attalias Sync="TRUE">IBZ</attalias><attrtype Sync="TRUE">Integer</attrtype><attwidth Sync="TRUE">5</attwidth><atprecis Sync="TRUE">5</atprecis><attscale Sync="TRUE">0</attscale></attr><attr><attrlabl Sync="TRUE">BEM</attrlabl><attalias Sync="TRUE">BEM</attalias><attrtype Sync="TRUE">String</attrtype><attwidth Sync="TRUE">60</attwidth><atprecis Sync="TRUE">0</atprecis><attscale Sync="TRUE">0</attscale></attr><attr><attrlabl Sync="TRUE">NBD</attrlabl><attalias Sync="TRUE">NBD</attalias><attrtype Sync="TRUE">String</attrtype><attwidth Sync="TRUE">4</attwidth><atprecis Sync="TRUE">0</atprecis><attscale Sync="TRUE">0</attscale></attr><attr><attrlabl Sync="TRUE">SN_L</attrlabl><attalias Sync="TRUE">SN_L</attalias><attrtype Sync="TRUE">String</attrtype><attwidth Sync="TRUE">2</attwidth><atprecis Sync="TRUE">0</atprecis><attscale Sync="TRUE">0</attscale></attr><attr><attrlabl Sync="TRUE">SN_R</attrlabl><attalias Sync="TRUE">SN_R</attalias><attrtype Sync="TRUE">String</attrtype><attwidth Sync="TRUE">1</attwidth><atprecis Sync="TRUE">0</atprecis><attscale Sync="TRUE">0</attscale></attr><attr><attrlabl Sync="TRUE">SN_K</attrlabl><attalias Sync="TRUE">SN_K</attalias><attrtype Sync="TRUE">String</attrtype><attwidth Sync="TRUE">2</attwidth><atprecis Sync="TRUE">0</atprecis><attscale Sync="TRUE">0</attscale></attr><attr><attrlabl Sync="TRUE">SN_V1</attrlabl><attalias Sync="TRUE">SN_V1</attalias><attrtype Sync="TRUE">String</attrtype><attwidth Sync="TRUE">2</attwidth><atprecis Sync="TRUE">0</atprecis><attscale Sync="TRUE">0</attscale></attr><attr><attrlabl Sync="TRUE">SN_V2</attrlabl><attalias Sync="TRUE">SN_V2</attalias><attrtype Sync="TRUE">String</attrtype><attwidth Sync="TRUE">2</attwidth><atprecis Sync="TRUE">0</atprecis><attscale Sync="TRUE">0</attscale></attr><attr><attrlabl Sync="TRUE">SN_G</attrlabl><attalias Sync="TRUE">SN_G</attalias><attrtype Sync="TRUE">String</attrtype><attwidth Sync="TRUE">3</attwidth><atprecis Sync="TRUE">0</atprecis><attscale Sync="TRUE">0</attscale></attr><attr><attrlabl Sync="TRUE">FK_S3</attrlabl><attalias Sync="TRUE">FK_S3</attalias><attrtype Sync="TRUE">String</attrtype><attwidth Sync="TRUE">2</attwidth><atprecis Sync="TRUE">0</atprecis><attscale Sync="TRUE">0</attscale></attr><attr><attrlabl Sync="TRUE">NUTS</attrlabl><attalias Sync="TRUE">NUTS</attalias><attrtype Sync="TRUE">String</attrtype><attwidth Sync="TRUE">5</attwidth><atprecis Sync="TRUE">0</atprecis><attscale Sync="TRUE">0</attscale></attr><attr><attrlabl Sync="TRUE">ARS_0</attrlabl><attalias Sync="TRUE">ARS_0</attalias><attrtype Sync="TRUE">String</attrtype><attwidth Sync="TRUE">12</attwidth><atprecis Sync="TRUE">0</atprecis><attscale Sync="TRUE">0</attscale></attr><attr><attrlabl Sync="TRUE">AGS_0</attrlabl><attalias Sync="TRUE">AGS_0</attalias><attrtype Sync="TRUE">String</attrtype><attwidth Sync="TRUE">8</attwidth><atprecis Sync="TRUE">0</atprecis><attscale Sync="TRUE">0</attscale></attr><attr><attrlabl Sync="TRUE">WSK</attrlabl><attalias Sync="TRUE">WSK</attalias><attrtype Sync="TRUE">Date</attrtype><attwidth Sync="TRUE">8</attwidth><atprecis Sync="TRUE">0</atprecis><attscale Sync="TRUE">0</attscale></attr><attr><attrlabl Sync="TRUE">DLM_ID</attrlabl><attalias Sync="TRUE">DLM_ID</attalias><attrtype Sync="TRUE">String</attrtype><attwidth Sync="TRUE">16</attwidth><atprecis Sync="TRUE">0</atprecis><attscale Sync="TRUE">0</attscale></attr><attr><attrlabl Sync="TRUE">Shape_Leng</attrlabl><attalias Sync="TRUE">Shape_Leng</attalias><attrtype Sync="TRUE">Double</attrtype><attwidth Sync="TRUE">19</attwidth><atprecis Sync="TRUE">0</atprecis><attscale Sync="TRUE">0</attscale></attr><attr><attrlabl Sync="TRUE">Shape_Area</attrlabl><attalias Sync="TRUE">Shape_Area</attalias><attrtype Sync="TRUE">Double</attrtype><attwidth Sync="TRUE">19</attwidth><atprecis Sync="TRUE">0</atprecis><attscale Sync="TRUE">0</attscale><attrdef Sync="TRUE">Area of feature in internal units squared.</attrdef><attrdefs Sync="TRUE">Esri</attrdefs><attrdomv><udom Sync="TRUE">Positive real numbers that are automatically generated.</udom></attrdomv></attr></detailed></eainfo><mdDateSt Sync="TRUE">20250120</mdDateSt></metadata>
